id,labels,sentences,PROPN,PROPN+*+NOUN,PROPN+*+NOUN+ADV,PROPN|[price],PROPN|[time],PROPN|[time]+*+NOUN,PROPN|[time]+*+NOUN+ADV,PROPN|[food],PROPN|[food]+*+NOUN,PROPN|$ORDINAL,PROPN|$ORDINAL+*+NOUN,[price]+PRON,[price]+PRON|ADV,[price]+PRON|AUX,[price],[price]+ADV|PRON,[price]+ADV,[price]+ADV|AUX,[price]+AUX|PRON,[price]+AUX,[price]+AUX|ADV,[price]+*+PRON+VERB,[price]+*+PRON,[price]+*+PRON|ADJ,[price]+*+PRON|ADV,[price]+*+PRON|AUX,[price]+*+VERB,[price]+*+VERB|PRON,[price]+*+VERB|ADJ,[price]+*+VERB|ADV,[price]+*+VERB|AUX,[price]+*+ADJ,[price]+*+ADJ|PRON,[price]+*+ADJ|VERB,[price]+*+ADJ|ADV,[price]+*+ADJ|AUX,[price]+*+ADV,[price]+*+ADV+AUX,[price]+*+ADV|PRON,[price]+*+ADV|VERB,[price]+*+ADV|ADJ,[price]+*+ADV|AUX,[price]+*+AUX,[price]+*+AUX+ADJ,[price]+*+AUX+ADJ|ADV,[price]+*+AUX+ADV,[price]+*+AUX+ADV|ADJ,[price]+*+AUX|PRON,[price]+*+AUX|VERB,[price]|PROPN,[price]|[time],[price]|[time]+ADV,[price]|[time]+*+ADV,[price]|[food],[price]|[food]+*+PRON+VERB,[price]|[food]+*+PRON,[price]|[order],[price]|[order]+*+ADJ,[price]|$ORDINAL,[price]|$ORDINAL+*+ADJ,[time],[time]+NOUN,[time]+NOUN|ADV,[time]+ADV,[time]+ADV|NOUN,[time]+*+NOUN,[time]+*+NOUN+ADV,[time]+*+ADV,[time]+*+ADV|NOUN,[time]|PROPN,[time]|PROPN+*+NOUN,[time]|PROPN+*+NOUN+ADV,[time]|[price],[time]|[price]+ADV,[time]|[price]+*+ADV,[time]|[food],[time]|[food]+NOUN,[time]|[food]+*+NOUN,[time]|[order],[food],[food]+NOUN,[food]+*+PRON+VERB,[food]+*+PRON,[food]+*+PRON+[order],[food]+*+PRON|NOUN,[food]+*+NOUN,[food]+*+NOUN|PRON,[food]|[price],[food]|[price]+*+PRON+VERB,[food]|[price]+*+PRON,[food]|[time],[food]|[time]+NOUN,[food]|[time]+*+NOUN,[food]|$ORDINAL,[food]|$ORDINAL+NOUN,[food]|$ORDINAL+*+NOUN,[order],[order]+*+ADJ,[order]|[price],[order]|[price]+*+ADJ,[order]|[time],[order]|[food],[order]|$ORDINAL,[order]|$ORDINAL+*+ADJ,[order]|$ORDINAL+*+ADJ+NOUN,$ORDINAL,$ORDINAL+NOUN,$ORDINAL+NOUN+*+PRON,$ORDINAL+*+NOUN,$ORDINAL+*+ADJ,$ORDINAL+*+ADJ+NOUN,$ORDINAL+*+ADJ+[time],$ORDINAL+*+ADJ+[time]+NOUN,$ORDINAL+*+[time],$ORDINAL+*+[time]+NOUN,$ORDINAL+[time],$ORDINAL+[time]+NOUN,$ORDINAL+[time]+NOUN+*+PRON,$ORDINAL+[time]+*+NOUN,$ORDINAL|PROPN,$ORDINAL|PROPN+*+NOUN,$ORDINAL|[price],$ORDINAL|[price]+*+ADJ,$ORDINAL|[time],$ORDINAL|[time]+NOUN,$ORDINAL|[time]+*+NOUN,$ORDINAL|[food],$ORDINAL|[food]+NOUN,$ORDINAL|[food]+*+NOUN,$ORDINAL|[order],$ORDINAL|[order]+*+ADJ,$ORDINAL|[order]+*+ADJ+NOUN
s46,1,"My other dining companions seemed pleased with their food ( one ordered a veal marsala that I did not try and the other - my favorite - ordered off the menu , actually , a request they were kind enough to accommodate - it was gnocchi caprese with pesto sauce instead of tomato sauce , and it was gooeyyummydelicious ) !
",1,1,1,1,1,1,1,1,1,1,1,0,0,0,0,0,0,0,0,0,0,0,0,0,0,0,0,0,0,0,0,0,0,0,0,0,0,0,0,0,0,0,0,0,0,0,0,0,0,1,0,0,0,1,1,1,1,1,0,0,0,0,0,0,0,0,0,0,0,1,1,1,0,0,0,1,0,0,1,1,0,1,1,1,1,0,1,1,1,1,1,0,0,1,0,0,1,1,1,1,1,1,1,1,1,0,0,0,0,0,0,0,0,0,0,0,0,0,0,1,1,0,0,0,0,0,1,0,0,1,1,1
s24,1,"The shoe was on special price so we got a good deal and bought the shoe as well!
",0,0,0,1,0,0,0,0,0,0,0,0,0,0,1,0,0,0,0,0,0,1,1,1,1,1,0,1,0,0,0,0,1,0,0,0,0,0,1,0,0,0,0,0,0,0,0,1,0,1,1,0,0,1,1,1,1,0,1,0,0,0,0,0,0,0,0,0,0,0,0,0,1,0,0,0,0,0,0,0,0,0,0,0,0,0,0,1,1,1,0,0,0,0,0,0,0,0,1,0,0,0,0,0,0,0,0,0,0,0,0,0,0,0,0,0,0,0,0,0,0,1,0,0,0,0,0,0,0,0,0,0
s8,1,"A little expensive but I'll definitely be back time and time again
",0,0,0,0,1,1,1,0,0,0,0,0,0,0,0,0,0,0,0,0,0,0,0,0,0,0,0,0,0,0,0,0,0,0,0,0,0,0,0,0,0,0,0,0,0,0,0,0,0,0,1,1,1,0,0,0,0,0,0,0,1,0,1,1,1,1,1,1,1,1,1,1,1,1,1,1,0,1,1,0,0,0,0,0,0,0,0,0,0,0,1,0,1,0,0,0,0,0,0,0,1,0,0,0,0,0,0,0,0,0,0,0,0,0,0,0,0,0,0,0,0,0,0,1,0,1,0,0,0,0,0,0
s5,1,"Prices were reasonable and mission accomplished!
",0,0,0,1,0,0,0,0,0,0,0,0,0,1,1,0,0,1,1,1,1,0,0,1,0,1,0,0,1,0,1,1,1,1,1,1,0,0,0,0,1,1,1,1,1,0,1,1,1,1,1,0,0,1,0,0,1,1,1,1,0,0,0,0,0,0,0,0,0,0,0,0,1,0,0,0,0,0,0,0,0,0,0,0,0,0,0,1,0,0,0,0,0,0,0,0,0,0,1,1,0,0,0,0,0,0,0,0,0,0,0,0,0,0,0,0,0,0,0,0,0,1,1,0,0,0,0,0,0,0,0,0
s84,1,"For the price I paid, I get more with a vist to another fast food competitor.",0,0,0,1,0,0,0,1,1,0,0,1,1,1,1,1,0,0,1,0,0,1,1,1,1,1,1,1,1,1,1,0,1,1,0,0,0,0,1,1,0,0,0,0,0,0,0,1,1,1,1,0,0,1,1,1,1,0,1,0,0,0,0,0,0,0,0,0,0,0,0,0,1,0,0,1,1,1,0,1,1,0,0,0,1,1,1,1,1,1,1,1,1,1,1,1,0,0,1,0,0,1,0,0,0,0,0,0,0,0,0,0,0,0,0,0,0,0,0,0,0,1,0,0,0,0,1,1,1,0,0,0
s29,1,"Prices here are very reasonable!
",0,0,0,1,0,0,0,0,0,0,0,0,1,0,1,1,1,1,0,0,1,0,0,0,1,1,0,0,0,1,1,0,0,0,1,1,1,1,1,1,1,1,1,0,1,1,1,1,1,1,1,1,1,1,0,0,1,0,1,0,0,0,0,0,0,0,0,0,0,0,0,0,1,1,1,0,0,0,0,0,0,0,0,0,0,0,0,1,0,0,0,0,0,0,0,0,0,0,1,0,0,0,0,0,0,0,0,0,0,0,0,0,0,0,0,0,0,0,0,0,0,1,0,0,0,0,0,0,0,0,0,0
s10,1,"They have coupons discount for first second and third time customers through their website .
",0,0,0,0,1,1,0,0,0,1,1,0,0,0,0,0,0,0,0,0,0,0,0,0,0,0,0,0,0,0,0,0,0,0,0,0,0,0,0,0,0,0,0,0,0,0,0,0,0,0,1,0,0,0,0,0,0,0,1,1,1,1,1,0,1,1,0,0,1,1,1,0,1,0,0,1,1,1,1,0,0,0,0,0,0,0,0,0,0,0,1,1,1,1,1,1,0,0,0,0,1,0,1,1,1,1,1,1,1,1,1,1,1,1,1,1,1,1,1,1,1,1,1,1,1,1,1,1,1,1,1,1
s48,0,"I did end up finding the perfect doll.
",0,0,0,0,0,0,0,0,0,0,0,0,0,0,0,0,0,0,0,0,0,0,0,0,0,0,0,0,0,0,0,0,0,0,0,0,0,0,0,0,0,0,0,0,0,0,0,0,0,0,0,0,0,0,0,0,0,0,0,0,0,0,0,0,0,0,0,0,0,0,0,0,0,0,0,0,0,0,0,0,0,0,0,0,0,0,0,0,0,0,0,0,0,0,0,0,0,0,0,0,0,0,0,0,0,0,0,0,0,0,0,0,0,0,0,0,0,0,0,0,0,0,0,0,0,0,0,0,0,0,0,0
s70,0,"Parking can be a issue and they no longer have the dog pen.
",0,0,0,0,0,0,0,0,0,0,0,0,0,0,0,0,0,0,0,0,0,0,0,0,0,0,0,0,0,0,0,0,0,0,0,0,0,0,0,0,0,0,0,0,0,0,0,0,0,0,0,0,0,0,0,0,0,0,0,0,0,0,0,0,0,0,0,0,0,0,0,0,0,0,0,0,0,0,0,0,0,0,0,0,0,0,0,0,0,0,0,0,0,0,0,0,0,0,0,0,0,0,0,0,0,0,0,0,0,0,0,0,0,0,0,0,0,0,0,0,0,0,0,0,0,0,0,0,0,0,0,0
s106,0,Very dark and stylish and clearly they were aiming for something of a cross between a club feel date night and just a nice evening out that you would like to bring someone special.,0,0,0,0,0,0,0,0,0,0,0,0,0,0,0,0,0,0,0,0,0,0,0,0,0,0,0,0,0,0,0,0,0,0,0,0,0,0,0,0,0,0,0,0,0,0,0,0,0,0,0,0,0,0,0,0,0,0,0,0,0,0,0,0,0,0,0,0,0,0,0,0,0,0,0,0,0,0,0,0,0,0,0,0,0,0,0,0,0,0,0,0,0,0,0,0,0,0,0,0,0,0,0,0,0,0,0,0,0,0,0,0,0,0,0,0,0,0,0,0,0,0,0,0,0,0,0,0,0,0,0,0
s80,0,"Do not eat here, it is unsanitary.
",0,0,0,0,0,0,0,0,0,0,0,0,0,0,0,0,0,0,0,0,0,0,0,0,0,0,0,0,0,0,0,0,0,0,0,0,0,0,0,0,0,0,0,0,0,0,0,0,0,0,0,0,0,0,0,0,0,0,0,0,0,0,0,0,0,0,0,0,0,0,0,0,0,0,0,0,0,0,0,0,0,0,0,0,0,0,0,0,0,0,0,0,0,0,0,0,0,0,0,0,0,0,0,0,0,0,0,0,0,0,0,0,0,0,0,0,0,0,0,0,0,0,0,0,0,0,0,0,0,0,0,0
s79,0,"It's such a modern restaurant but their dishes are authentic and super delicious
",0,0,0,0,0,0,0,0,0,0,0,0,0,0,0,0,0,0,0,0,0,0,0,0,0,0,0,0,0,0,0,0,0,0,0,0,0,0,0,0,0,0,0,0,0,0,0,0,0,0,0,0,0,0,0,0,0,0,0,0,0,0,0,0,0,0,0,0,0,0,0,0,0,0,0,0,0,0,0,0,0,0,0,0,0,0,0,0,0,0,0,0,0,0,0,0,0,0,0,0,0,0,0,0,0,0,0,0,0,0,0,0,0,0,0,0,0,0,0,0,0,0,0,0,0,0,0,0,0,0,0,0
s110,0,The server was cold and seemingly uninterested in making our experience pleasant,0,0,0,0,0,0,0,0,0,0,0,0,0,0,0,0,0,0,0,0,0,0,0,0,0,0,0,0,0,0,0,0,0,0,0,0,0,0,0,0,0,0,0,0,0,0,0,0,0,0,0,0,0,0,0,0,0,0,0,0,0,0,0,0,0,0,0,0,0,0,0,0,0,0,0,0,0,0,0,0,0,0,0,0,0,0,0,0,0,0,0,0,0,0,0,0,0,0,0,0,0,0,0,0,0,0,0,0,0,0,0,0,0,0,0,0,0,0,0,0,0,0,0,0,0,0,0,0,0,0,0,0
s73,0,"Our server actually seemed annoyed that he had to talk with us... Just another table and more faces... More orders... Move it along. 
",0,0,0,0,0,0,0,0,0,0,0,0,0,0,0,0,0,0,0,0,0,0,0,0,0,0,0,0,0,0,0,0,0,0,0,0,0,0,0,0,0,0,0,0,0,0,0,0,0,0,0,0,0,0,0,0,1,0,0,0,0,0,0,0,0,0,0,0,0,0,0,0,0,0,0,0,0,0,1,0,0,0,0,0,0,0,0,0,0,0,0,0,0,0,0,0,1,0,1,0,1,1,1,0,0,0,0,0,0,0,0,0,0,0,0,0,0,0,0,0,0,0,0,0,0,0,0,0,0,1,0,0
s90,0,"The manager that did my nails has the worst personality.
",0,0,0,0,0,0,0,0,0,0,0,0,0,0,0,0,0,0,0,0,0,0,0,0,0,0,0,0,0,0,0,0,0,0,0,0,0,0,0,0,0,0,0,0,0,0,0,0,0,0,0,0,0,0,0,0,0,0,0,0,0,0,0,0,0,0,0,0,0,0,0,0,0,0,0,0,0,0,0,0,0,0,0,0,0,0,0,0,0,0,0,0,0,0,0,0,0,0,0,0,0,0,0,0,0,0,0,0,0,0,0,0,0,0,0,0,0,0,0,0,0,0,0,0,0,0,0,0,0,0,0,0
s98,0,"Customer service told me """" nothing was rescheduled""""
",0,0,0,0,0,0,0,0,0,0,0,0,0,0,0,0,0,0,0,0,0,0,0,0,0,0,0,0,0,0,0,0,0,0,0,0,0,0,0,0,0,0,0,0,0,0,0,0,0,0,0,0,0,0,0,0,0,0,0,0,0,0,0,0,0,0,0,0,0,0,0,0,0,0,0,0,0,0,0,0,0,0,0,0,0,0,0,0,0,0,0,0,0,0,0,0,0,0,0,0,0,0,0,0,0,0,0,0,0,0,0,0,0,0,0,0,0,0,0,0,0,0,0,0,0,0,0,0,0,0,0,0
s37,0,We arrived at 6 pm and the employees told us the order was n't ready .,0,0,0,0,0,0,0,0,0,0,0,0,0,0,0,0,0,0,0,0,0,0,0,0,0,0,0,0,0,0,0,0,0,0,0,0,0,0,0,0,0,0,0,0,0,0,0,0,0,0,0,0,0,0,0,0,1,0,0,0,0,0,0,0,0,0,0,0,0,0,0,0,0,0,0,0,0,0,1,0,0,0,0,0,0,0,0,0,0,0,0,0,0,0,0,0,1,0,1,0,1,1,1,0,0,0,0,0,0,0,0,0,0,0,0,0,0,0,0,0,0,0,0,0,0,0,0,0,0,1,0,0
s109,0,Horrible service attitude.,0,0,0,0,0,0,0,0,0,0,0,0,0,0,0,0,0,0,0,0,0,0,0,0,0,0,0,0,0,0,0,0,0,0,0,0,0,0,0,0,0,0,0,0,0,0,0,0,0,0,0,0,0,0,0,0,0,0,0,0,0,0,0,0,0,0,0,0,0,0,0,0,0,0,0,0,0,0,0,0,0,0,0,0,0,0,0,0,0,0,0,0,0,0,0,0,0,0,0,0,0,0,0,0,0,0,0,0,0,0,0,0,0,0,0,0,0,0,0,0,0,0,0,0,0,0,0,0,0,0,0,0
